id,x,y,radius_px,area_px,circularity,color,source
0,274,201,135.52247619628906,50522.0,0.8120528294321606,red,legacy
1,431,409,141.92837524414062,58714.0,0.8908581699152847,yellow,legacy
2,141,415,128.24148559570312,42766.0,0.7229149971097542,blue,legacy
3,692,500,141.56723022460938,49717.0,0.6750887394609204,green,legacy
4,428,680,140.80162048339844,54602.5,0.8005139229288859,yellow,legacy
5,673,763,131.757080078125,44931.5,0.6884451557412696,blue,legacy
6,475,947,134.13717651367188,41569.5,0.6181481607925088,green,legacy
