id,x,y,radius_px,area_px,circularity,color
0,274,201,135.52247619628906,50522.0,0.8120528294321606,red
0,431,409,141.92837524414062,58714.0,0.8908581699152847,yellow
0,141,415,128.24148559570312,42766.0,0.7229149971097542,blue
0,692,500,141.56723022460938,49717.0,0.6750887394609204,green
0,428,680,140.80162048339844,54602.5,0.8005139229288859,yellow
0,673,763,131.757080078125,44931.5,0.6884451557412696,blue
0,475,947,134.13717651367188,41569.5,0.6181481607925088,green
