id,x,y,radius_px,area_px,circularity,color
1,212,244,94.0,27759.112687119414,1.0,orange
0,730,244,93.0,27171.634860898117,1.0,red
