id,x,y,radius_px,area_px,circularity,color
1,122,402,104.0,33979.4661412272,1.0,blue
2,456,380,104.0,33979.4661412272,1.0,yellow
3,450,930,103.0,33329.156461934115,1.0,green
4,404,438,101.0,32047.38665926948,1.0,yellow
5,316,200,98.0,30171.85584507637,1.0,red
0,506,154,97.0,29559.245277626364,1.0,green
6,722,474,96.0,28952.917895483533,1.0,green
8,194,412,88.0,24328.493509399355,1.0,blue
7,650,722,84.0,22167.077763729583,1.0,blue
9,760,216,51.0,8171.282491987052,1.0,blue
